{"v":"4.8.0","meta":{"g":"LottieFiles AE 1.1.0","a":"","k":"","d":"","tc":""},"fr":60,"ip":0,"op":121,"w":580,"h":580,"nm":"Artboard Ã¢ÂÂ 3","ddd":0,"assets":[{"id":"comp_0","layers":[{"ddd":0,"ind":1,"ty":4,"nm":"Polygon 11","sr":1,"ks":{"o":{"a":0,"k":100,"ix":11},"r":{"a":0,"k":-135,"ix":10},"p":{"a":1,"k":[{"i":{"x":0.667,"y":1},"o":{"x":0.333,"y":0},"t":0,"s":[289.551,298,0],"to":[-22.292,21.034,0],"ti":[22.292,-21.034,0]},{"i":{"x":0.667,"y":0.667},"o":{"x":0.333,"y":0.333},"t":36,"s":[155.801,424.206,0],"to":[0,0,0],"ti":[0,0,0]},{"i":{"x":0.667,"y":1},"o":{"x":0.333,"y":0},"t":74,"s":[155.801,424.206,0],"to":[22.292,-21.034,0],"ti":[-22.292,21.034,0]},{"t":103,"s":[289.551,298,0]}],"ix":2},"a":{"a":0,"k":[40.669,40.669,0],"ix":1},"s":{"a":0,"k":[100,100,100],"ix":6}},"ao":0,"shapes":[{"ty":"gr","it":[{"ind":0,"ty":"sh","ix":1,"ks":{"a":0,"k":{"i":[[-0.992,2.102],[-2.525,-5.35],[0,0],[-2.296,-0.356],[0,0],[3.961,-4.076],[0,0],[-0.352,-2.183],[0,0],[5.108,2.809],[0,0],[2.1,-1.155],[0,0],[-0.927,5.756],[0,0],[1.541,1.586],[0,0],[-5.617,0.871],[0,0],[-0.992,2.102]],"o":[[2.525,-5.35],[0,0],[0.992,2.102],[0,0],[5.617,0.871],[0,0],[-1.541,1.586],[0,0],[0.927,5.756],[0,0],[-2.1,-1.155],[0,0],[-5.108,2.809],[0,0],[0.352,-2.183],[0,0],[-3.961,-4.076],[0,0],[2.296,-0.356],[0,0]],"v":[[34.338,13.415],[46.999,13.415],[51.69,23.356],[56.948,27.286],[67.947,28.992],[71.895,40.787],[63.517,49.411],[61.627,55.401],[63.524,67.181],[53.24,74.428],[44.042,69.37],[37.296,69.37],[28.098,74.428],[17.814,67.181],[19.711,55.401],[17.821,49.411],[9.442,40.787],[13.39,28.992],[24.389,27.286],[29.647,23.356]],"c":true},"ix":2},"nm":"Path 1","mn":"ADBE Vector Shape - Group","hd":false},{"ty":"op","nm":"Offset Paths 1","a":{"a":0,"k":-0.5,"ix":1},"lj":1,"ml":{"a":0,"k":4,"ix":3},"ix":3,"mn":"ADBE Vector Filter - Offset","hd":false},{"ty":"tr","p":{"a":0,"k":[0,0],"ix":2},"a":{"a":0,"k":[0,0],"ix":1},"s":{"a":0,"k":[100,100],"ix":3},"r":{"a":0,"k":0,"ix":6},"o":{"a":0,"k":100,"ix":7},"sk":{"a":0,"k":0,"ix":4},"sa":{"a":0,"k":0,"ix":5},"nm":"Transform"}],"nm":"Polygon 11 Stroke","np":3,"cix":2,"bm":0,"ix":1,"mn":"ADBE Vector Group","hd":false},{"ty":"gr","it":[{"ind":0,"ty":"sh","ix":1,"ks":{"a":0,"k":{"i":[[-0.992,2.102],[-2.525,-5.35],[0,0],[-2.296,-0.356],[0,0],[3.961,-4.076],[0,0],[-0.352,-2.183],[0,0],[5.108,2.809],[0,0],[2.1,-1.155],[0,0],[-0.927,5.756],[0,0],[1.541,1.586],[0,0],[-5.617,0.871],[0,0],[-0.992,2.102]],"o":[[2.525,-5.35],[0,0],[0.992,2.102],[0,0],[5.617,0.871],[0,0],[-1.541,1.586],[0,0],[0.927,5.756],[0,0],[-2.1,-1.155],[0,0],[-5.108,2.809],[0,0],[0.352,-2.183],[0,0],[-3.961,-4.076],[0,0],[2.296,-0.356],[0,0]],"v":[[34.338,13.415],[46.999,13.415],[51.69,23.356],[56.948,27.286],[67.947,28.992],[71.895,40.787],[63.517,49.411],[61.627,55.401],[63.524,67.181],[53.24,74.428],[44.042,69.37],[37.296,69.37],[28.098,74.428],[17.814,67.181],[19.711,55.401],[17.821,49.411],[9.442,40.787],[13.39,28.992],[24.389,27.286],[29.647,23.356]],"c":true},"ix":2},"nm":"Path 1","mn":"ADBE Vector Shape - Group","hd":false},{"ty":"fl","c":{"a":0,"k":[0.894117647059,0.823529411765,0.674509803922,1],"ix":4},"o":{"a":0,"k":100,"ix":5},"r":1,"bm":0,"nm":"Fill 1","mn":"ADBE Vector Graphic - Fill","hd":false},{"ty":"tr","p":{"a":0,"k":[0,0],"ix":2},"a":{"a":0,"k":[0,0],"ix":1},"s":{"a":0,"k":[100,100],"ix":3},"r":{"a":0,"k":0,"ix":6},"o":{"a":0,"k":100,"ix":7},"sk":{"a":0,"k":0,"ix":4},"sa":{"a":0,"k":0,"ix":5},"nm":"Transform"}],"nm":"Polygon 11 Fill","np":2,"cix":2,"bm":0,"ix":2,"mn":"ADBE Vector Group","hd":false}],"ip":0,"op":3600,"st":0,"bm":0},{"ddd":0,"ind":2,"ty":4,"nm":"Polygon 10","sr":1,"ks":{"o":{"a":0,"k":100,"ix":11},"r":{"a":0,"k":-315,"ix":10},"p":{"a":1,"k":[{"i":{"x":0.667,"y":1},"o":{"x":0.333,"y":0},"t":0,"s":[289.551,298,0],"to":[22.441,-23.701,0],"ti":[-22.441,23.701,0]},{"i":{"x":0.667,"y":0.667},"o":{"x":0.333,"y":0.333},"t":36,"s":[424.199,155.794,0],"to":[0,0,0],"ti":[0,0,0]},{"i":{"x":0.667,"y":1},"o":{"x":0.333,"y":0},"t":74,"s":[424.199,155.794,0],"to":[-22.441,23.701,0],"ti":[22.441,-23.701,0]},{"t":103,"s":[289.551,298,0]}],"ix":2},"a":{"a":0,"k":[40.669,40.669,0],"ix":1},"s":{"a":0,"k":[100,100,100],"ix":6}},"ao":0,"shapes":[{"ty":"gr","it":[{"ind":0,"ty":"sh","ix":1,"ks":{"a":0,"k":{"i":[[-0.992,2.102],[-2.525,-5.35],[0,0],[-2.296,-0.356],[0,0],[3.961,-4.076],[0,0],[-0.352,-2.183],[0,0],[5.108,2.809],[0,0],[2.1,-1.155],[0,0],[-0.927,5.756],[0,0],[1.541,1.586],[0,0],[-5.617,0.871],[0,0],[-0.992,2.102]],"o":[[2.525,-5.35],[0,0],[0.992,2.102],[0,0],[5.617,0.871],[0,0],[-1.541,1.586],[0,0],[0.927,5.756],[0,0],[-2.1,-1.155],[0,0],[-5.108,2.809],[0,0],[0.352,-2.183],[0,0],[-3.961,-4.076],[0,0],[2.296,-0.356],[0,0]],"v":[[34.338,13.415],[46.999,13.415],[51.69,23.356],[56.948,27.286],[67.947,28.992],[71.895,40.787],[63.517,49.411],[61.627,55.401],[63.524,67.181],[53.24,74.428],[44.042,69.37],[37.296,69.37],[28.098,74.428],[17.814,67.181],[19.711,55.401],[17.821,49.411],[9.442,40.787],[13.39,28.992],[24.389,27.286],[29.647,23.356]],"c":true},"ix":2},"nm":"Path 1","mn":"ADBE Vector Shape - Group","hd":false},{"ty":"op","nm":"Offset Paths 1","a":{"a":0,"k":-0.5,"ix":1},"lj":1,"ml":{"a":0,"k":4,"ix":3},"ix":3,"mn":"ADBE Vector Filter - Offset","hd":false},{"ty":"tr","p":{"a":0,"k":[0,0],"ix":2},"a":{"a":0,"k":[0,0],"ix":1},"s":{"a":0,"k":[100,100],"ix":3},"r":{"a":0,"k":0,"ix":6},"o":{"a":0,"k":100,"ix":7},"sk":{"a":0,"k":0,"ix":4},"sa":{"a":0,"k":0,"ix":5},"nm":"Transform"}],"nm":"Polygon 10 Stroke","np":3,"cix":2,"bm":0,"ix":1,"mn":"ADBE Vector Group","hd":false},{"ty":"gr","it":[{"ind":0,"ty":"sh","ix":1,"ks":{"a":0,"k":{"i":[[-0.992,2.102],[-2.525,-5.35],[0,0],[-2.296,-0.356],[0,0],[3.961,-4.076],[0,0],[-0.352,-2.183],[0,0],[5.108,2.809],[0,0],[2.1,-1.155],[0,0],[-0.927,5.756],[0,0],[1.541,1.586],[0,0],[-5.617,0.871],[0,0],[-0.992,2.102]],"o":[[2.525,-5.35],[0,0],[0.992,2.102],[0,0],[5.617,0.871],[0,0],[-1.541,1.586],[0,0],[0.927,5.756],[0,0],[-2.1,-1.155],[0,0],[-5.108,2.809],[0,0],[0.352,-2.183],[0,0],[-3.961,-4.076],[0,0],[2.296,-0.356],[0,0]],"v":[[34.338,13.415],[46.999,13.415],[51.69,23.356],[56.948,27.286],[67.947,28.992],[71.895,40.787],[63.517,49.411],[61.627,55.401],[63.524,67.181],[53.24,74.428],[44.042,69.37],[37.296,69.37],[28.098,74.428],[17.814,67.181],[19.711,55.401],[17.821,49.411],[9.442,40.787],[13.39,28.992],[24.389,27.286],[29.647,23.356]],"c":true},"ix":2},"nm":"Path 1","mn":"ADBE Vector Shape - Group","hd":false},{"ty":"fl","c":{"a":0,"k":[0.894117647059,0.823529411765,0.674509803922,1],"ix":4},"o":{"a":0,"k":100,"ix":5},"r":1,"bm":0,"nm":"Fill 1","mn":"ADBE Vector Graphic - Fill","hd":false},{"ty":"tr","p":{"a":0,"k":[0,0],"ix":2},"a":{"a":0,"k":[0,0],"ix":1},"s":{"a":0,"k":[100,100],"ix":3},"r":{"a":0,"k":0,"ix":6},"o":{"a":0,"k":100,"ix":7},"sk":{"a":0,"k":0,"ix":4},"sa":{"a":0,"k":0,"ix":5},"nm":"Transform"}],"nm":"Polygon 10 Fill","np":2,"cix":2,"bm":0,"ix":2,"mn":"ADBE Vector Group","hd":false}],"ip":0,"op":3600,"st":0,"bm":0},{"ddd":0,"ind":3,"ty":4,"nm":"Polygon 9","sr":1,"ks":{"o":{"a":0,"k":100,"ix":11},"r":{"a":0,"k":315,"ix":10},"p":{"a":1,"k":[{"i":{"x":0.667,"y":1},"o":{"x":0.333,"y":0},"t":-2,"s":[289.551,298,0],"to":[-22.293,-23.702,0],"ti":[22.293,23.702,0]},{"i":{"x":0.667,"y":0.667},"o":{"x":0.333,"y":0.333},"t":36,"s":[155.794,155.788,0],"to":[0,0,0],"ti":[0,0,0]},{"i":{"x":0.833,"y":1},"o":{"x":0.333,"y":0},"t":74,"s":[155.794,155.788,0],"to":[22.293,23.702,0],"ti":[-22.293,-23.702,0]},{"t":103,"s":[289.551,298,0]}],"ix":2},"a":{"a":0,"k":[40.669,40.669,0],"ix":1},"s":{"a":0,"k":[100,100,100],"ix":6}},"ao":0,"shapes":[{"ty":"gr","it":[{"ind":0,"ty":"sh","ix":1,"ks":{"a":0,"k":{"i":[[-0.992,2.102],[-2.525,-5.35],[0,0],[-2.296,-0.356],[0,0],[3.961,-4.076],[0,0],[-0.352,-2.183],[0,0],[5.108,2.809],[0,0],[2.1,-1.155],[0,0],[-0.927,5.756],[0,0],[1.541,1.586],[0,0],[-5.617,0.871],[0,0],[-0.992,2.102]],"o":[[2.525,-5.35],[0,0],[0.992,2.102],[0,0],[5.617,0.871],[0,0],[-1.541,1.586],[0,0],[0.927,5.756],[0,0],[-2.1,-1.155],[0,0],[-5.108,2.809],[0,0],[0.352,-2.183],[0,0],[-3.961,-4.076],[0,0],[2.296,-0.356],[0,0]],"v":[[34.338,13.415],[46.999,13.415],[51.69,23.356],[56.948,27.286],[67.947,28.992],[71.895,40.787],[63.517,49.411],[61.627,55.401],[63.524,67.181],[53.24,74.428],[44.042,69.37],[37.296,69.37],[28.098,74.428],[17.814,67.181],[19.711,55.401],[17.821,49.411],[9.442,40.787],[13.39,28.992],[24.389,27.286],[29.647,23.356]],"c":true},"ix":2},"nm":"Path 1","mn":"ADBE Vector Shape - Group","hd":false},{"ty":"op","nm":"Offset Paths 1","a":{"a":0,"k":-0.5,"ix":1},"lj":1,"ml":{"a":0,"k":4,"ix":3},"ix":3,"mn":"ADBE Vector Filter - Offset","hd":false},{"ty":"tr","p":{"a":0,"k":[0,0],"ix":2},"a":{"a":0,"k":[0,0],"ix":1},"s":{"a":0,"k":[100,100],"ix":3},"r":{"a":0,"k":0,"ix":6},"o":{"a":0,"k":100,"ix":7},"sk":{"a":0,"k":0,"ix":4},"sa":{"a":0,"k":0,"ix":5},"nm":"Transform"}],"nm":"Polygon 9 Stroke","np":3,"cix":2,"bm":0,"ix":1,"mn":"ADBE Vector Group","hd":false},{"ty":"gr","it":[{"ind":0,"ty":"sh","ix":1,"ks":{"a":0,"k":{"i":[[-0.992,2.102],[-2.525,-5.35],[0,0],[-2.296,-0.356],[0,0],[3.961,-4.076],[0,0],[-0.352,-2.183],[0,0],[5.108,2.809],[0,0],[2.1,-1.155],[0,0],[-0.927,5.756],[0,0],[1.541,1.586],[0,0],[-5.617,0.871],[0,0],[-0.992,2.102]],"o":[[2.525,-5.35],[0,0],[0.992,2.102],[0,0],[5.617,0.871],[0,0],[-1.541,1.586],[0,0],[0.927,5.756],[0,0],[-2.1,-1.155],[0,0],[-5.108,2.809],[0,0],[0.352,-2.183],[0,0],[-3.961,-4.076],[0,0],[2.296,-0.356],[0,0]],"v":[[34.338,13.415],[46.999,13.415],[51.69,23.356],[56.948,27.286],[67.947,28.992],[71.895,40.787],[63.517,49.411],[61.627,55.401],[63.524,67.181],[53.24,74.428],[44.042,69.37],[37.296,69.37],[28.098,74.428],[17.814,67.181],[19.711,55.401],[17.821,49.411],[9.442,40.787],[13.39,28.992],[24.389,27.286],[29.647,23.356]],"c":true},"ix":2},"nm":"Path 1","mn":"ADBE Vector Shape - Group","hd":false},{"ty":"fl","c":{"a":0,"k":[0.894117647059,0.823529411765,0.674509803922,1],"ix":4},"o":{"a":0,"k":100,"ix":5},"r":1,"bm":0,"nm":"Fill 1","mn":"ADBE Vector Graphic - Fill","hd":false},{"ty":"tr","p":{"a":0,"k":[0,0],"ix":2},"a":{"a":0,"k":[0,0],"ix":1},"s":{"a":0,"k":[100,100],"ix":3},"r":{"a":0,"k":0,"ix":6},"o":{"a":0,"k":100,"ix":7},"sk":{"a":0,"k":0,"ix":4},"sa":{"a":0,"k":0,"ix":5},"nm":"Transform"}],"nm":"Polygon 9 Fill","np":2,"cix":2,"bm":0,"ix":2,"mn":"ADBE Vector Group","hd":false}],"ip":0,"op":3600,"st":0,"bm":0},{"ddd":0,"ind":4,"ty":4,"nm":"Polygon 8","sr":1,"ks":{"o":{"a":0,"k":100,"ix":11},"r":{"a":0,"k":135,"ix":10},"p":{"a":1,"k":[{"i":{"x":0.667,"y":1},"o":{"x":0.333,"y":0},"t":-2,"s":[289.551,298,0],"to":[22.442,21.035,0],"ti":[-22.442,-21.035,0]},{"i":{"x":0.667,"y":0.667},"o":{"x":0.333,"y":0.333},"t":36,"s":[424.206,424.212,0],"to":[0,0,0],"ti":[0,0,0]},{"i":{"x":0.833,"y":1},"o":{"x":0.333,"y":0},"t":74,"s":[424.206,424.212,0],"to":[-22.442,-21.035,0],"ti":[22.442,21.035,0]},{"t":103,"s":[289.551,298,0]}],"ix":2},"a":{"a":0,"k":[40.669,40.669,0],"ix":1},"s":{"a":0,"k":[100,100,100],"ix":6}},"ao":0,"shapes":[{"ty":"gr","it":[{"ind":0,"ty":"sh","ix":1,"ks":{"a":0,"k":{"i":[[-0.992,2.102],[-2.525,-5.35],[0,0],[-2.296,-0.356],[0,0],[3.961,-4.076],[0,0],[-0.352,-2.183],[0,0],[5.108,2.809],[0,0],[2.1,-1.155],[0,0],[-0.927,5.756],[0,0],[1.541,1.586],[0,0],[-5.617,0.871],[0,0],[-0.992,2.102]],"o":[[2.525,-5.35],[0,0],[0.992,2.102],[0,0],[5.617,0.871],[0,0],[-1.541,1.586],[0,0],[0.927,5.756],[0,0],[-2.1,-1.155],[0,0],[-5.108,2.809],[0,0],[0.352,-2.183],[0,0],[-3.961,-4.076],[0,0],[2.296,-0.356],[0,0]],"v":[[34.338,13.415],[46.999,13.415],[51.69,23.356],[56.948,27.286],[67.947,28.992],[71.895,40.787],[63.517,49.411],[61.627,55.401],[63.524,67.181],[53.24,74.428],[44.042,69.37],[37.296,69.37],[28.098,74.428],[17.814,67.181],[19.711,55.401],[17.821,49.411],[9.442,40.787],[13.39,28.992],[24.389,27.286],[29.647,23.356]],"c":true},"ix":2},"nm":"Path 1","mn":"ADBE Vector Shape - Group","hd":false},{"ty":"op","nm":"Offset Paths 1","a":{"a":0,"k":-0.5,"ix":1},"lj":1,"ml":{"a":0,"k":4,"ix":3},"ix":3,"mn":"ADBE Vector Filter - Offset","hd":false},{"ty":"tr","p":{"a":0,"k":[0,0],"ix":2},"a":{"a":0,"k":[0,0],"ix":1},"s":{"a":0,"k":[100,100],"ix":3},"r":{"a":0,"k":0,"ix":6},"o":{"a":0,"k":100,"ix":7},"sk":{"a":0,"k":0,"ix":4},"sa":{"a":0,"k":0,"ix":5},"nm":"Transform"}],"nm":"Polygon 8 Stroke","np":3,"cix":2,"bm":0,"ix":1,"mn":"ADBE Vector Group","hd":false},{"ty":"gr","it":[{"ind":0,"ty":"sh","ix":1,"ks":{"a":0,"k":{"i":[[-0.992,2.102],[-2.525,-5.35],[0,0],[-2.296,-0.356],[0,0],[3.961,-4.076],[0,0],[-0.352,-2.183],[0,0],[5.108,2.809],[0,0],[2.1,-1.155],[0,0],[-0.927,5.756],[0,0],[1.541,1.586],[0,0],[-5.617,0.871],[0,0],[-0.992,2.102]],"o":[[2.525,-5.35],[0,0],[0.992,2.102],[0,0],[5.617,0.871],[0,0],[-1.541,1.586],[0,0],[0.927,5.756],[0,0],[-2.1,-1.155],[0,0],[-5.108,2.809],[0,0],[0.352,-2.183],[0,0],[-3.961,-4.076],[0,0],[2.296,-0.356],[0,0]],"v":[[34.338,13.415],[46.999,13.415],[51.69,23.356],[56.948,27.286],[67.947,28.992],[71.895,40.787],[63.517,49.411],[61.627,55.401],[63.524,67.181],[53.24,74.428],[44.042,69.37],[37.296,69.37],[28.098,74.428],[17.814,67.181],[19.711,55.401],[17.821,49.411],[9.442,40.787],[13.39,28.992],[24.389,27.286],[29.647,23.356]],"c":true},"ix":2},"nm":"Path 1","mn":"ADBE Vector Shape - Group","hd":false},{"ty":"fl","c":{"a":0,"k":[0.894117647059,0.823529411765,0.674509803922,1],"ix":4},"o":{"a":0,"k":100,"ix":5},"r":1,"bm":0,"nm":"Fill 1","mn":"ADBE Vector Graphic - Fill","hd":false},{"ty":"tr","p":{"a":0,"k":[0,0],"ix":2},"a":{"a":0,"k":[0,0],"ix":1},"s":{"a":0,"k":[100,100],"ix":3},"r":{"a":0,"k":0,"ix":6},"o":{"a":0,"k":100,"ix":7},"sk":{"a":0,"k":0,"ix":4},"sa":{"a":0,"k":0,"ix":5},"nm":"Transform"}],"nm":"Polygon 8 Fill","np":2,"cix":2,"bm":0,"ix":2,"mn":"ADBE Vector Group","hd":false}],"ip":0,"op":3600,"st":0,"bm":0},{"ddd":0,"ind":5,"ty":4,"nm":"Polygon 7","sr":1,"ks":{"o":{"a":0,"k":100,"ix":11},"r":{"a":0,"k":270,"ix":10},"p":{"a":1,"k":[{"i":{"x":0.667,"y":1},"o":{"x":0.333,"y":0},"t":-2,"s":[289.551,298,0],"to":[-31.509,-1.333,0],"ti":[31.509,1.333,0]},{"i":{"x":0.667,"y":0.667},"o":{"x":0.333,"y":0.333},"t":36,"s":[100.5,290,0],"to":[0,0,0],"ti":[0,0,0]},{"i":{"x":0.833,"y":1},"o":{"x":0.333,"y":0},"t":74,"s":[100.5,290,0],"to":[31.509,1.333,0],"ti":[-31.509,-1.333,0]},{"t":103,"s":[289.551,298,0]}],"ix":2},"a":{"a":0,"k":[41,40.5,0],"ix":1},"s":{"a":0,"k":[100,100,100],"ix":6}},"ao":0,"shapes":[{"ty":"gr","it":[{"ind":0,"ty":"sh","ix":1,"ks":{"a":0,"k":{"i":[[-0.999,2.09],[-2.537,-5.31],[0,0],[-2.29,-0.351],[0,0],[4.003,-4.07],[0,0],[-0.359,-2.202],[0,0],[5.113,2.778],[0,0],[2.084,-1.132],[0,0],[-0.936,5.743],[0,0],[1.565,1.591],[0,0],[-5.643,0.864],[0,0],[-0.999,2.09]],"o":[[2.537,-5.31],[0,0],[0.999,2.09],[0,0],[5.643,0.864],[0,0],[-1.565,1.591],[0,0],[0.936,5.743],[0,0],[-2.084,-1.132],[0,0],[-5.113,2.778],[0,0],[0.359,-2.202],[0,0],[-4.003,-4.07],[0,0],[2.29,-0.351],[0,0]],"v":[[34.684,13.222],[47.316,13.222],[52.114,23.265],[57.37,27.167],[68.474,28.867],[72.405,40.695],[64.055,49.185],[62.136,55.22],[64.042,66.906],[53.791,74.184],[44.341,69.05],[37.659,69.05],[28.209,74.184],[17.958,66.906],[19.864,55.22],[17.945,49.185],[9.595,40.695],[13.526,28.867],[24.63,27.167],[29.886,23.265]],"c":true},"ix":2},"nm":"Path 1","mn":"ADBE Vector Shape - Group","hd":false},{"ty":"op","nm":"Offset Paths 1","a":{"a":0,"k":-0.5,"ix":1},"lj":1,"ml":{"a":0,"k":4,"ix":3},"ix":3,"mn":"ADBE Vector Filter - Offset","hd":false},{"ty":"tr","p":{"a":0,"k":[0,0],"ix":2},"a":{"a":0,"k":[0,0],"ix":1},"s":{"a":0,"k":[100,100],"ix":3},"r":{"a":0,"k":0,"ix":6},"o":{"a":0,"k":100,"ix":7},"sk":{"a":0,"k":0,"ix":4},"sa":{"a":0,"k":0,"ix":5},"nm":"Transform"}],"nm":"Polygon 7 Stroke","np":3,"cix":2,"bm":0,"ix":1,"mn":"ADBE Vector Group","hd":false},{"ty":"gr","it":[{"ind":0,"ty":"sh","ix":1,"ks":{"a":0,"k":{"i":[[-0.999,2.09],[-2.537,-5.31],[0,0],[-2.29,-0.351],[0,0],[4.003,-4.07],[0,0],[-0.359,-2.202],[0,0],[5.113,2.778],[0,0],[2.084,-1.132],[0,0],[-0.936,5.743],[0,0],[1.565,1.591],[0,0],[-5.643,0.864],[0,0],[-0.999,2.09]],"o":[[2.537,-5.31],[0,0],[0.999,2.09],[0,0],[5.643,0.864],[0,0],[-1.565,1.591],[0,0],[0.936,5.743],[0,0],[-2.084,-1.132],[0,0],[-5.113,2.778],[0,0],[0.359,-2.202],[0,0],[-4.003,-4.07],[0,0],[2.29,-0.351],[0,0]],"v":[[34.684,13.222],[47.316,13.222],[52.114,23.265],[57.37,27.167],[68.474,28.867],[72.405,40.695],[64.055,49.185],[62.136,55.22],[64.042,66.906],[53.791,74.184],[44.341,69.05],[37.659,69.05],[28.209,74.184],[17.958,66.906],[19.864,55.22],[17.945,49.185],[9.595,40.695],[13.526,28.867],[24.63,27.167],[29.886,23.265]],"c":true},"ix":2},"nm":"Path 1","mn":"ADBE Vector Shape - Group","hd":false},{"ty":"fl","c":{"a":0,"k":[0.894117647059,0.823529411765,0.674509803922,1],"ix":4},"o":{"a":0,"k":100,"ix":5},"r":1,"bm":0,"nm":"Fill 1","mn":"ADBE Vector Graphic - Fill","hd":false},{"ty":"tr","p":{"a":0,"k":[0,0],"ix":2},"a":{"a":0,"k":[0,0],"ix":1},"s":{"a":0,"k":[100,100],"ix":3},"r":{"a":0,"k":0,"ix":6},"o":{"a":0,"k":100,"ix":7},"sk":{"a":0,"k":0,"ix":4},"sa":{"a":0,"k":0,"ix":5},"nm":"Transform"}],"nm":"Polygon 7 Fill","np":2,"cix":2,"bm":0,"ix":2,"mn":"ADBE Vector Group","hd":false}],"ip":0,"op":3600,"st":0,"bm":0},{"ddd":0,"ind":6,"ty":4,"nm":"Polygon 6","sr":1,"ks":{"o":{"a":0,"k":100,"ix":11},"r":{"a":0,"k":90,"ix":10},"p":{"a":1,"k":[{"i":{"x":0.667,"y":1},"o":{"x":0.333,"y":0},"t":0,"s":[289.551,298,0],"to":[31.658,-1.333,0],"ti":[-31.658,1.333,0]},{"i":{"x":0.667,"y":0.667},"o":{"x":0.333,"y":0.333},"t":36,"s":[479.5,290,0],"to":[0,0,0],"ti":[0,0,0]},{"i":{"x":0.667,"y":1},"o":{"x":0.333,"y":0},"t":74,"s":[479.5,290,0],"to":[-31.658,1.333,0],"ti":[31.658,-1.333,0]},{"t":103,"s":[289.551,298,0]}],"ix":2},"a":{"a":0,"k":[41,40.5,0],"ix":1},"s":{"a":0,"k":[100,100,100],"ix":6}},"ao":0,"shapes":[{"ty":"gr","it":[{"ind":0,"ty":"sh","ix":1,"ks":{"a":0,"k":{"i":[[-0.999,2.09],[-2.537,-5.31],[0,0],[-2.29,-0.351],[0,0],[4.003,-4.07],[0,0],[-0.359,-2.202],[0,0],[5.113,2.778],[0,0],[2.084,-1.132],[0,0],[-0.936,5.743],[0,0],[1.565,1.591],[0,0],[-5.643,0.864],[0,0],[-0.999,2.09]],"o":[[2.537,-5.31],[0,0],[0.999,2.09],[0,0],[5.643,0.864],[0,0],[-1.565,1.591],[0,0],[0.936,5.743],[0,0],[-2.084,-1.132],[0,0],[-5.113,2.778],[0,0],[0.359,-2.202],[0,0],[-4.003,-4.07],[0,0],[2.29,-0.351],[0,0]],"v":[[34.684,13.222],[47.316,13.222],[52.114,23.265],[57.37,27.167],[68.474,28.867],[72.405,40.695],[64.055,49.185],[62.136,55.22],[64.042,66.906],[53.791,74.184],[44.341,69.05],[37.659,69.05],[28.209,74.184],[17.958,66.906],[19.864,55.22],[17.945,49.185],[9.595,40.695],[13.526,28.867],[24.63,27.167],[29.886,23.265]],"c":true},"ix":2},"nm":"Path 1","mn":"ADBE Vector Shape - Group","hd":false},{"ty":"op","nm":"Offset Paths 1","a":{"a":0,"k":-0.5,"ix":1},"lj":1,"ml":{"a":0,"k":4,"ix":3},"ix":3,"mn":"ADBE Vector Filter - Offset","hd":false},{"ty":"tr","p":{"a":0,"k":[0,0],"ix":2},"a":{"a":0,"k":[0,0],"ix":1},"s":{"a":0,"k":[100,100],"ix":3},"r":{"a":0,"k":0,"ix":6},"o":{"a":0,"k":100,"ix":7},"sk":{"a":0,"k":0,"ix":4},"sa":{"a":0,"k":0,"ix":5},"nm":"Transform"}],"nm":"Polygon 6 Stroke","np":3,"cix":2,"bm":0,"ix":1,"mn":"ADBE Vector Group","hd":false},{"ty":"gr","it":[{"ind":0,"ty":"sh","ix":1,"ks":{"a":0,"k":{"i":[[-0.999,2.09],[-2.537,-5.31],[0,0],[-2.29,-0.351],[0,0],[4.003,-4.07],[0,0],[-0.359,-2.202],[0,0],[5.113,2.778],[0,0],[2.084,-1.132],[0,0],[-0.936,5.743],[0,0],[1.565,1.591],[0,0],[-5.643,0.864],[0,0],[-0.999,2.09]],"o":[[2.537,-5.31],[0,0],[0.999,2.09],[0,0],[5.643,0.864],[0,0],[-1.565,1.591],[0,0],[0.936,5.743],[0,0],[-2.084,-1.132],[0,0],[-5.113,2.778],[0,0],[0.359,-2.202],[0,0],[-4.003,-4.07],[0,0],[2.29,-0.351],[0,0]],"v":[[34.684,13.222],[47.316,13.222],[52.114,23.265],[57.37,27.167],[68.474,28.867],[72.405,40.695],[64.055,49.185],[62.136,55.22],[64.042,66.906],[53.791,74.184],[44.341,69.05],[37.659,69.05],[28.209,74.184],[17.958,66.906],[19.864,55.22],[17.945,49.185],[9.595,40.695],[13.526,28.867],[24.63,27.167],[29.886,23.265]],"c":true},"ix":2},"nm":"Path 1","mn":"ADBE Vector Shape - Group","hd":false},{"ty":"fl","c":{"a":0,"k":[0.894117647059,0.823529411765,0.674509803922,1],"ix":4},"o":{"a":0,"k":100,"ix":5},"r":1,"bm":0,"nm":"Fill 1","mn":"ADBE Vector Graphic - Fill","hd":false},{"ty":"tr","p":{"a":0,"k":[0,0],"ix":2},"a":{"a":0,"k":[0,0],"ix":1},"s":{"a":0,"k":[100,100],"ix":3},"r":{"a":0,"k":0,"ix":6},"o":{"a":0,"k":100,"ix":7},"sk":{"a":0,"k":0,"ix":4},"sa":{"a":0,"k":0,"ix":5},"nm":"Transform"}],"nm":"Polygon 6 Fill","np":2,"cix":2,"bm":0,"ix":2,"mn":"ADBE Vector Group","hd":false}],"ip":0,"op":3600,"st":0,"bm":0},{"ddd":0,"ind":7,"ty":4,"nm":"Polygon 5","sr":1,"ks":{"o":{"a":0,"k":100,"ix":11},"r":{"a":0,"k":180,"ix":10},"p":{"a":1,"k":[{"i":{"x":0.667,"y":1},"o":{"x":0.333,"y":0},"t":-1,"s":[290,296.5,0],"to":[0,30.5,0],"ti":[0,-30.5,0]},{"i":{"x":0.667,"y":0.667},"o":{"x":0.333,"y":0.333},"t":36,"s":[290,479.5,0],"to":[0,0,0],"ti":[0,0,0]},{"i":{"x":0.833,"y":1},"o":{"x":0.333,"y":0},"t":74,"s":[290,479.5,0],"to":[0,-30.5,0],"ti":[0,30.5,0]},{"t":103,"s":[290,296.5,0]}],"ix":2},"a":{"a":0,"k":[41,40.5,0],"ix":1},"s":{"a":0,"k":[100,100,100],"ix":6}},"ao":0,"shapes":[{"ty":"gr","it":[{"ind":0,"ty":"sh","ix":1,"ks":{"a":0,"k":{"i":[[-0.999,2.09],[-2.537,-5.31],[0,0],[-2.29,-0.351],[0,0],[4.003,-4.07],[0,0],[-0.359,-2.202],[0,0],[5.113,2.778],[0,0],[2.084,-1.132],[0,0],[-0.936,5.743],[0,0],[1.565,1.591],[0,0],[-5.643,0.864],[0,0],[-0.999,2.09]],"o":[[2.537,-5.31],[0,0],[0.999,2.09],[0,0],[5.643,0.864],[0,0],[-1.565,1.591],[0,0],[0.936,5.743],[0,0],[-2.084,-1.132],[0,0],[-5.113,2.778],[0,0],[0.359,-2.202],[0,0],[-4.003,-4.07],[0,0],[2.29,-0.351],[0,0]],"v":[[34.684,13.222],[47.316,13.222],[52.114,23.265],[57.37,27.167],[68.474,28.867],[72.405,40.695],[64.055,49.185],[62.136,55.22],[64.042,66.906],[53.791,74.184],[44.341,69.05],[37.659,69.05],[28.209,74.184],[17.958,66.906],[19.864,55.22],[17.945,49.185],[9.595,40.695],[13.526,28.867],[24.63,27.167],[29.886,23.265]],"c":true},"ix":2},"nm":"Path 1","mn":"ADBE Vector Shape - Group","hd":false},{"ty":"op","nm":"Offset Paths 1","a":{"a":0,"k":-0.5,"ix":1},"lj":1,"ml":{"a":0,"k":4,"ix":3},"ix":3,"mn":"ADBE Vector Filter - Offset","hd":false},{"ty":"tr","p":{"a":0,"k":[0,0],"ix":2},"a":{"a":0,"k":[0,0],"ix":1},"s":{"a":0,"k":[100,100],"ix":3},"r":{"a":0,"k":0,"ix":6},"o":{"a":0,"k":100,"ix":7},"sk":{"a":0,"k":0,"ix":4},"sa":{"a":0,"k":0,"ix":5},"nm":"Transform"}],"nm":"Polygon 5 Stroke","np":3,"cix":2,"bm":0,"ix":1,"mn":"ADBE Vector Group","hd":false},{"ty":"gr","it":[{"ind":0,"ty":"sh","ix":1,"ks":{"a":0,"k":{"i":[[-0.999,2.09],[-2.537,-5.31],[0,0],[-2.29,-0.351],[0,0],[4.003,-4.07],[0,0],[-0.359,-2.202],[0,0],[5.113,2.778],[0,0],[2.084,-1.132],[0,0],[-0.936,5.743],[0,0],[1.565,1.591],[0,0],[-5.643,0.864],[0,0],[-0.999,2.09]],"o":[[2.537,-5.31],[0,0],[0.999,2.09],[0,0],[5.643,0.864],[0,0],[-1.565,1.591],[0,0],[0.936,5.743],[0,0],[-2.084,-1.132],[0,0],[-5.113,2.778],[0,0],[0.359,-2.202],[0,0],[-4.003,-4.07],[0,0],[2.29,-0.351],[0,0]],"v":[[34.684,13.222],[47.316,13.222],[52.114,23.265],[57.37,27.167],[68.474,28.867],[72.405,40.695],[64.055,49.185],[62.136,55.22],[64.042,66.906],[53.791,74.184],[44.341,69.05],[37.659,69.05],[28.209,74.184],[17.958,66.906],[19.864,55.22],[17.945,49.185],[9.595,40.695],[13.526,28.867],[24.63,27.167],[29.886,23.265]],"c":true},"ix":2},"nm":"Path 1","mn":"ADBE Vector Shape - Group","hd":false},{"ty":"fl","c":{"a":0,"k":[0.894117647059,0.823529411765,0.674509803922,1],"ix":4},"o":{"a":0,"k":100,"ix":5},"r":1,"bm":0,"nm":"Fill 1","mn":"ADBE Vector Graphic - Fill","hd":false},{"ty":"tr","p":{"a":0,"k":[0,0],"ix":2},"a":{"a":0,"k":[0,0],"ix":1},"s":{"a":0,"k":[100,100],"ix":3},"r":{"a":0,"k":0,"ix":6},"o":{"a":0,"k":100,"ix":7},"sk":{"a":0,"k":0,"ix":4},"sa":{"a":0,"k":0,"ix":5},"nm":"Transform"}],"nm":"Polygon 5 Fill","np":2,"cix":2,"bm":0,"ix":2,"mn":"ADBE Vector Group","hd":false}],"ip":0,"op":3600,"st":0,"bm":0},{"ddd":0,"ind":8,"ty":4,"nm":"Polygon 4","sr":1,"ks":{"o":{"a":0,"k":100,"ix":11},"r":{"a":0,"k":0,"ix":10},"p":{"a":1,"k":[{"i":{"x":0.667,"y":1},"o":{"x":0.333,"y":0},"t":-1,"s":[290,296.5,0],"to":[0,-32.667,0],"ti":[0,32.667,0]},{"i":{"x":0.667,"y":0.667},"o":{"x":0.333,"y":0.333},"t":36,"s":[290,100.5,0],"to":[0,0,0],"ti":[0,0,0]},{"i":{"x":0.833,"y":1},"o":{"x":0.333,"y":0},"t":74,"s":[290,100.5,0],"to":[0,32.667,0],"ti":[0,-32.667,0]},{"t":103,"s":[290,296.5,0]}],"ix":2},"a":{"a":0,"k":[41,40.5,0],"ix":1},"s":{"a":0,"k":[100,100,100],"ix":6}},"ao":0,"shapes":[{"ty":"gr","it":[{"ind":0,"ty":"sh","ix":1,"ks":{"a":0,"k":{"i":[[-0.999,2.09],[-2.537,-5.31],[0,0],[-2.29,-0.351],[0,0],[4.003,-4.07],[0,0],[-0.359,-2.202],[0,0],[5.113,2.778],[0,0],[2.084,-1.132],[0,0],[-0.936,5.743],[0,0],[1.565,1.591],[0,0],[-5.643,0.864],[0,0],[-0.999,2.09]],"o":[[2.537,-5.31],[0,0],[0.999,2.09],[0,0],[5.643,0.864],[0,0],[-1.565,1.591],[0,0],[0.936,5.743],[0,0],[-2.084,-1.132],[0,0],[-5.113,2.778],[0,0],[0.359,-2.202],[0,0],[-4.003,-4.07],[0,0],[2.29,-0.351],[0,0]],"v":[[34.684,13.222],[47.316,13.222],[52.114,23.265],[57.37,27.167],[68.474,28.867],[72.405,40.695],[64.055,49.185],[62.136,55.22],[64.042,66.906],[53.791,74.184],[44.341,69.05],[37.659,69.05],[28.209,74.184],[17.958,66.906],[19.864,55.22],[17.945,49.185],[9.595,40.695],[13.526,28.867],[24.63,27.167],[29.886,23.265]],"c":true},"ix":2},"nm":"Path 1","mn":"ADBE Vector Shape - Group","hd":false},{"ty":"op","nm":"Offset Paths 1","a":{"a":0,"k":-0.5,"ix":1},"lj":1,"ml":{"a":0,"k":4,"ix":3},"ix":3,"mn":"ADBE Vector Filter - Offset","hd":false},{"ty":"tr","p":{"a":0,"k":[0,0],"ix":2},"a":{"a":0,"k":[0,0],"ix":1},"s":{"a":0,"k":[100,100],"ix":3},"r":{"a":0,"k":0,"ix":6},"o":{"a":0,"k":100,"ix":7},"sk":{"a":0,"k":0,"ix":4},"sa":{"a":0,"k":0,"ix":5},"nm":"Transform"}],"nm":"Polygon 4 Stroke","np":3,"cix":2,"bm":0,"ix":1,"mn":"ADBE Vector Group","hd":false},{"ty":"gr","it":[{"ind":0,"ty":"sh","ix":1,"ks":{"a":0,"k":{"i":[[-0.999,2.09],[-2.537,-5.31],[0,0],[-2.29,-0.351],[0,0],[4.003,-4.07],[0,0],[-0.359,-2.202],[0,0],[5.113,2.778],[0,0],[2.084,-1.132],[0,0],[-0.936,5.743],[0,0],[1.565,1.591],[0,0],[-5.643,0.864],[0,0],[-0.999,2.09]],"o":[[2.537,-5.31],[0,0],[0.999,2.09],[0,0],[5.643,0.864],[0,0],[-1.565,1.591],[0,0],[0.936,5.743],[0,0],[-2.084,-1.132],[0,0],[-5.113,2.778],[0,0],[0.359,-2.202],[0,0],[-4.003,-4.07],[0,0],[2.29,-0.351],[0,0]],"v":[[34.684,13.222],[47.316,13.222],[52.114,23.265],[57.37,27.167],[68.474,28.867],[72.405,40.695],[64.055,49.185],[62.136,55.22],[64.042,66.906],[53.791,74.184],[44.341,69.05],[37.659,69.05],[28.209,74.184],[17.958,66.906],[19.864,55.22],[17.945,49.185],[9.595,40.695],[13.526,28.867],[24.63,27.167],[29.886,23.265]],"c":true},"ix":2},"nm":"Path 1","mn":"ADBE Vector Shape - Group","hd":false},{"ty":"fl","c":{"a":0,"k":[0.894117647059,0.823529411765,0.674509803922,1],"ix":4},"o":{"a":0,"k":100,"ix":5},"r":1,"bm":0,"nm":"Fill 1","mn":"ADBE Vector Graphic - Fill","hd":false},{"ty":"tr","p":{"a":0,"k":[0,0],"ix":2},"a":{"a":0,"k":[0,0],"ix":1},"s":{"a":0,"k":[100,100],"ix":3},"r":{"a":0,"k":0,"ix":6},"o":{"a":0,"k":100,"ix":7},"sk":{"a":0,"k":0,"ix":4},"sa":{"a":0,"k":0,"ix":5},"nm":"Transform"}],"nm":"Polygon 4 Fill","np":2,"cix":2,"bm":0,"ix":2,"mn":"ADBE Vector Group","hd":false}],"ip":0,"op":3600,"st":0,"bm":0}]}],"layers":[{"ddd":0,"ind":1,"ty":0,"nm":"Pre-comp 1","refId":"comp_0","sr":1,"ks":{"o":{"a":0,"k":100,"ix":11},"r":{"a":1,"k":[{"i":{"x":[0.667],"y":[1]},"o":{"x":[0.333],"y":[0]},"t":19,"s":[0]},{"t":99,"s":[360]}],"ix":10},"p":{"a":0,"k":[290,290,0],"ix":2},"a":{"a":0,"k":[290,290,0],"ix":1},"s":{"a":0,"k":[100,100,100],"ix":6}},"ao":0,"w":580,"h":580,"ip":0,"op":3600,"st":0,"bm":0},{"ddd":0,"ind":2,"ty":4,"nm":"Polygon 3","sr":1,"ks":{"o":{"a":0,"k":100,"ix":11},"r":{"a":1,"k":[{"i":{"x":[0.833],"y":[0.833]},"o":{"x":[0.167],"y":[0.167]},"t":0,"s":[0]},{"t":121,"s":[360]}],"ix":10},"p":{"a":0,"k":[290,290,0],"ix":2},"a":{"a":0,"k":[81,81,0],"ix":1},"s":{"a":1,"k":[{"i":{"x":[0.667,0.667,0.667],"y":[1,1,1]},"o":{"x":[0.167,0.167,0.167],"y":[0,0,-1.731]},"t":-84,"s":[100,100,100]},{"i":{"x":[0.667,0.667,0.667],"y":[1,1,1]},"o":{"x":[0.333,0.333,0.333],"y":[0,0,0]},"t":0,"s":[100,100,100]},{"i":{"x":[0.667,0.667,0.667],"y":[1,1,1]},"o":{"x":[0.333,0.333,0.333],"y":[0,0,0]},"t":61,"s":[130,130,100]},{"t":120,"s":[100,100,100]}],"ix":6}},"ao":0,"shapes":[{"ty":"gr","it":[{"ind":0,"ty":"sh","ix":1,"ks":{"a":0,"k":{"i":[[-1.842,3.903],[-4.689,-9.936],[0,0],[-4.265,-0.661],[0,0],[7.355,-7.571],[0,0],[-0.653,-4.055],[0,0],[9.487,5.217],[0,0],[3.901,-2.145],[0,0],[-1.721,10.689],[0,0],[2.862,2.946],[0,0],[-10.431,1.617],[0,0],[-1.842,3.903]],"o":[[4.689,-9.936],[0,0],[1.842,3.903],[0,0],[10.431,1.617],[0,0],[-2.862,2.946],[0,0],[1.721,10.689],[0,0],[-3.901,-2.145],[0,0],[-9.487,5.217],[0,0],[0.653,-4.055],[0,0],[-7.355,-7.571],[0,0],[4.265,-0.661],[0,0]],"v":[[69.243,24.914],[92.757,24.914],[103.165,46.971],[112.93,54.269],[137.132,58.022],[144.464,79.928],[126.177,98.75],[122.667,109.876],[126.827,135.71],[107.728,149.168],[87.264,137.915],[74.736,137.915],[54.272,149.168],[35.173,135.71],[39.333,109.876],[35.823,98.75],[17.536,79.928],[24.868,58.022],[49.07,54.269],[58.835,46.971]],"c":true},"ix":2},"nm":"Path 1","mn":"ADBE Vector Shape - Group","hd":false},{"ty":"op","nm":"Offset Paths 1","a":{"a":0,"k":-0.5,"ix":1},"lj":1,"ml":{"a":0,"k":4,"ix":3},"ix":3,"mn":"ADBE Vector Filter - Offset","hd":false},{"ty":"tr","p":{"a":0,"k":[0,0],"ix":2},"a":{"a":0,"k":[0,0],"ix":1},"s":{"a":0,"k":[100,100],"ix":3},"r":{"a":0,"k":0,"ix":6},"o":{"a":0,"k":100,"ix":7},"sk":{"a":0,"k":0,"ix":4},"sa":{"a":0,"k":0,"ix":5},"nm":"Transform"}],"nm":"Polygon 3 Stroke","np":3,"cix":2,"bm":0,"ix":1,"mn":"ADBE Vector Group","hd":false},{"ty":"gr","it":[{"ind":0,"ty":"sh","ix":1,"ks":{"a":0,"k":{"i":[[-1.842,3.903],[-4.689,-9.936],[0,0],[-4.265,-0.661],[0,0],[7.355,-7.571],[0,0],[-0.653,-4.055],[0,0],[9.487,5.217],[0,0],[3.901,-2.145],[0,0],[-1.721,10.689],[0,0],[2.862,2.946],[0,0],[-10.431,1.617],[0,0],[-1.842,3.903]],"o":[[4.689,-9.936],[0,0],[1.842,3.903],[0,0],[10.431,1.617],[0,0],[-2.862,2.946],[0,0],[1.721,10.689],[0,0],[-3.901,-2.145],[0,0],[-9.487,5.217],[0,0],[0.653,-4.055],[0,0],[-7.355,-7.571],[0,0],[4.265,-0.661],[0,0]],"v":[[69.243,24.914],[92.757,24.914],[103.165,46.971],[112.93,54.269],[137.132,58.022],[144.464,79.928],[126.177,98.75],[122.667,109.876],[126.827,135.71],[107.728,149.168],[87.264,137.915],[74.736,137.915],[54.272,149.168],[35.173,135.71],[39.333,109.876],[35.823,98.75],[17.536,79.928],[24.868,58.022],[49.07,54.269],[58.835,46.971]],"c":true},"ix":2},"nm":"Path 1","mn":"ADBE Vector Shape - Group","hd":false},{"ty":"fl","c":{"a":0,"k":[0.894117647059,0.823529411765,0.674509803922,1],"ix":4},"o":{"a":0,"k":100,"ix":5},"r":1,"bm":0,"nm":"Fill 1","mn":"ADBE Vector Graphic - Fill","hd":false},{"ty":"tr","p":{"a":0,"k":[0,0],"ix":2},"a":{"a":0,"k":[0,0],"ix":1},"s":{"a":0,"k":[100,100],"ix":3},"r":{"a":0,"k":0,"ix":6},"o":{"a":0,"k":100,"ix":7},"sk":{"a":0,"k":0,"ix":4},"sa":{"a":0,"k":0,"ix":5},"nm":"Transform"}],"nm":"Polygon 3 Fill","np":2,"cix":2,"bm":0,"ix":2,"mn":"ADBE Vector Group","hd":false}],"ip":0,"op":3600,"st":0,"bm":0}],"markers":[]}